,leiden,cell_type
Cell_0,0,Endothelial
Cell_1,0,Oligodendrocytes
Cell_2,0,GABAergic
Cell_4,0,Endothelial
Cell_5,0,Oligodendrocytes
Cell_6,0,GABAergic
Cell_7,0,GABAergic
Cell_8,0,Astrocytes
Cell_9,0,Microglia
Cell_10,0,Astrocytes
Cell_12,0,GABAergic
Cell_13,0,GABAergic
Cell_18,0,GABAergic
Cell_19,0,Endothelial
Cell_20,0,Microglia
Cell_21,0,Endothelial
Cell_22,0,Neurons
Cell_25,0,Microglia
Cell_27,0,Microglia
Cell_28,0,Microglia
Cell_29,0,Oligodendrocytes
Cell_30,0,GABAergic
Cell_31,0,Neurons
Cell_32,0,Microglia
Cell_34,0,Microglia
Cell_35,0,GABAergic
Cell_38,0,Microglia
Cell_40,0,Astrocytes
Cell_41,0,Astrocytes
Cell_44,0,Astrocytes
Cell_45,0,Microglia
Cell_46,0,Astrocytes
Cell_47,0,Neurons
Cell_48,0,Endothelial
Cell_49,0,Microglia
Cell_52,0,GABAergic
Cell_53,0,Endothelial
Cell_54,0,Astrocytes
Cell_55,0,Microglia
Cell_57,0,Microglia
Cell_58,0,Astrocytes
Cell_59,0,GABAergic
Cell_60,0,Endothelial
Cell_61,0,Endothelial
Cell_62,0,Neurons
Cell_63,0,Endothelial
Cell_64,0,Microglia
Cell_65,0,Neurons
Cell_66,0,GABAergic
Cell_67,0,Microglia
Cell_69,0,Microglia
Cell_70,0,Endothelial
Cell_71,0,Microglia
Cell_75,0,GABAergic
Cell_76,0,Neurons
Cell_78,0,GABAergic
Cell_79,0,Neurons
Cell_80,0,Neurons
Cell_81,0,GABAergic
Cell_82,0,Oligodendrocytes
Cell_83,0,Endothelial
Cell_84,0,Neurons
Cell_86,0,Endothelial
Cell_87,0,Astrocytes
Cell_88,0,Neurons
Cell_90,0,Neurons
Cell_91,0,Microglia
Cell_92,0,Astrocytes
Cell_94,0,Oligodendrocytes
Cell_95,0,GABAergic
Cell_96,0,Neurons
Cell_97,0,Microglia
Cell_99,0,Microglia
Cell_103,0,Microglia
Cell_105,0,GABAergic
Cell_106,0,Endothelial
Cell_108,0,Endothelial
Cell_109,0,GABAergic
Cell_110,0,GABAergic
Cell_111,0,GABAergic
Cell_112,0,Microglia
Cell_113,0,Endothelial
Cell_114,0,Microglia
Cell_115,0,Oligodendrocytes
Cell_116,0,Oligodendrocytes
Cell_117,0,Oligodendrocytes
Cell_118,0,Astrocytes
Cell_122,0,GABAergic
Cell_123,0,Microglia
Cell_124,0,Endothelial
Cell_125,0,Neurons
Cell_127,0,Oligodendrocytes
Cell_129,0,Microglia
Cell_132,0,GABAergic
Cell_134,0,Oligodendrocytes
Cell_136,0,GABAergic
Cell_137,0,Neurons
Cell_140,0,GABAergic
Cell_141,0,GABAergic
Cell_142,0,Neurons
Cell_143,0,GABAergic
Cell_144,0,Astrocytes
Cell_145,0,Oligodendrocytes
Cell_149,0,Microglia
Cell_150,0,GABAergic
Cell_151,0,Oligodendrocytes
Cell_152,0,GABAergic
Cell_153,0,Endothelial
Cell_155,0,Microglia
Cell_156,0,Microglia
Cell_157,0,Neurons
Cell_158,0,Neurons
Cell_159,0,Endothelial
Cell_161,0,Oligodendrocytes
Cell_162,0,Neurons
Cell_163,0,Oligodendrocytes
Cell_164,0,GABAergic
Cell_165,0,Microglia
Cell_166,0,Astrocytes
Cell_167,0,Microglia
Cell_168,0,Astrocytes
Cell_171,0,Neurons
Cell_172,0,Microglia
Cell_174,0,Microglia
Cell_175,0,Endothelial
Cell_176,0,Microglia
Cell_177,0,Microglia
Cell_178,0,Microglia
Cell_179,0,Endothelial
Cell_180,0,Microglia
Cell_183,0,Microglia
Cell_184,0,Astrocytes
Cell_186,0,Microglia
Cell_188,0,Endothelial
Cell_191,0,Oligodendrocytes
Cell_192,0,Microglia
Cell_194,0,Neurons
Cell_195,0,Microglia
Cell_196,0,Microglia
Cell_197,0,Oligodendrocytes
Cell_198,0,Microglia
Cell_199,0,Neurons
Cell_200,0,Microglia
Cell_201,0,Oligodendrocytes
Cell_202,0,Microglia
Cell_203,0,GABAergic
Cell_204,0,Endothelial
Cell_207,0,GABAergic
Cell_208,0,Astrocytes
Cell_209,0,Microglia
Cell_210,0,Neurons
Cell_211,0,Endothelial
Cell_212,0,Astrocytes
Cell_213,0,Astrocytes
Cell_214,0,Astrocytes
Cell_215,0,GABAergic
Cell_216,0,Endothelial
Cell_217,0,Microglia
Cell_218,0,Neurons
Cell_220,0,Oligodendrocytes
Cell_224,0,Microglia
Cell_230,0,GABAergic
Cell_231,0,Astrocytes
Cell_232,0,Oligodendrocytes
Cell_233,0,Microglia
Cell_234,0,Astrocytes
Cell_235,0,Microglia
Cell_236,0,Astrocytes
Cell_237,0,Oligodendrocytes
Cell_238,0,Endothelial
Cell_239,0,Endothelial
Cell_241,0,Microglia
Cell_242,0,Oligodendrocytes
Cell_243,0,GABAergic
Cell_244,0,Oligodendrocytes
Cell_247,0,GABAergic
Cell_248,0,GABAergic
Cell_250,0,Endothelial
Cell_251,0,Oligodendrocytes
Cell_252,0,GABAergic
Cell_253,0,Microglia
Cell_254,0,Oligodendrocytes
Cell_255,0,Microglia
Cell_256,0,Microglia
Cell_258,0,Oligodendrocytes
Cell_259,0,Oligodendrocytes
Cell_260,0,Microglia
Cell_263,0,Neurons
Cell_264,0,Endothelial
Cell_265,0,Microglia
Cell_266,0,Endothelial
Cell_267,0,Microglia
Cell_268,0,Neurons
Cell_269,0,Endothelial
Cell_270,0,Endothelial
Cell_271,0,Microglia
Cell_273,0,Neurons
Cell_275,0,Oligodendrocytes
Cell_276,0,Microglia
Cell_277,0,GABAergic
Cell_278,0,Oligodendrocytes
Cell_279,0,Microglia
Cell_280,0,Microglia
Cell_281,0,GABAergic
Cell_282,0,Endothelial
Cell_283,0,Astrocytes
Cell_284,0,GABAergic
Cell_285,0,Microglia
Cell_286,0,GABAergic
Cell_287,0,GABAergic
Cell_289,0,Microglia
Cell_290,0,Microglia
Cell_291,0,Neurons
Cell_292,0,Neurons
Cell_293,0,GABAergic
Cell_295,0,GABAergic
Cell_296,0,Astrocytes
Cell_299,0,Astrocytes
Cell_300,0,Neurons
Cell_302,0,GABAergic
Cell_303,0,GABAergic
Cell_304,0,Oligodendrocytes
Cell_305,0,Endothelial
Cell_307,0,Neurons
Cell_308,0,Microglia
Cell_309,0,Astrocytes
Cell_312,0,Astrocytes
Cell_313,0,GABAergic
Cell_314,0,Neurons
Cell_315,0,GABAergic
Cell_320,0,Endothelial
Cell_321,0,GABAergic
Cell_323,0,Astrocytes
Cell_325,0,Endothelial
Cell_326,0,Astrocytes
Cell_328,0,Microglia
Cell_331,0,GABAergic
Cell_332,0,Microglia
Cell_334,0,Endothelial
Cell_335,0,Endothelial
Cell_336,0,Neurons
Cell_338,0,Endothelial
Cell_339,0,Neurons
Cell_340,0,Microglia
Cell_341,0,GABAergic
Cell_342,0,Astrocytes
Cell_343,0,GABAergic
Cell_344,0,Oligodendrocytes
Cell_346,0,Endothelial
Cell_347,0,Oligodendrocytes
Cell_348,0,GABAergic
Cell_349,0,Microglia
Cell_352,0,Microglia
Cell_354,0,Oligodendrocytes
Cell_356,0,Neurons
Cell_357,0,GABAergic
Cell_358,0,GABAergic
Cell_360,0,Oligodendrocytes
Cell_361,0,Neurons
Cell_362,0,Microglia
Cell_363,0,GABAergic
Cell_365,0,Neurons
Cell_366,0,GABAergic
Cell_367,0,Microglia
Cell_368,0,Microglia
Cell_370,0,GABAergic
Cell_371,0,Endothelial
Cell_372,0,Neurons
Cell_373,0,Oligodendrocytes
Cell_374,0,Astrocytes
Cell_375,0,Oligodendrocytes
Cell_376,0,Neurons
Cell_378,0,Astrocytes
Cell_379,0,Neurons
Cell_380,0,GABAergic
Cell_381,0,GABAergic
Cell_382,0,GABAergic
Cell_383,0,Neurons
Cell_384,0,Endothelial
Cell_385,0,Endothelial
Cell_386,0,Astrocytes
Cell_388,0,GABAergic
Cell_389,0,Endothelial
Cell_390,0,Endothelial
Cell_391,0,Oligodendrocytes
Cell_392,0,Astrocytes
Cell_393,0,Oligodendrocytes
Cell_394,0,Neurons
Cell_397,0,GABAergic
Cell_398,0,Astrocytes
Cell_399,0,Neurons
Cell_400,0,Astrocytes
Cell_401,0,GABAergic
Cell_402,0,Endothelial
Cell_403,0,GABAergic
Cell_404,0,Microglia
Cell_405,0,GABAergic
Cell_406,0,Neurons
Cell_407,0,GABAergic
Cell_408,0,GABAergic
Cell_409,0,Oligodendrocytes
Cell_410,0,GABAergic
Cell_412,0,GABAergic
Cell_413,0,Astrocytes
Cell_414,0,Oligodendrocytes
Cell_415,0,GABAergic
Cell_417,0,Neurons
Cell_419,0,Oligodendrocytes
Cell_420,0,Neurons
Cell_421,0,Neurons
Cell_422,0,Microglia
Cell_423,0,Astrocytes
Cell_425,0,GABAergic
Cell_426,0,Oligodendrocytes
Cell_427,0,Neurons
Cell_429,0,Neurons
Cell_430,0,GABAergic
Cell_431,0,Microglia
Cell_433,0,GABAergic
Cell_434,0,Endothelial
Cell_435,0,Astrocytes
Cell_436,0,GABAergic
Cell_437,0,Neurons
Cell_438,0,GABAergic
Cell_440,0,Neurons
Cell_442,0,Microglia
Cell_444,0,Astrocytes
Cell_445,0,GABAergic
Cell_446,0,Oligodendrocytes
Cell_447,0,GABAergic
Cell_448,0,Neurons
Cell_449,0,GABAergic
Cell_452,0,Astrocytes
Cell_454,0,Endothelial
Cell_455,0,Endothelial
Cell_456,0,Astrocytes
Cell_457,0,Astrocytes
Cell_458,0,Microglia
Cell_459,0,Microglia
Cell_462,0,Neurons
Cell_463,0,Astrocytes
Cell_464,0,Astrocytes
Cell_466,0,Microglia
Cell_467,0,Neurons
Cell_468,0,GABAergic
Cell_469,0,GABAergic
Cell_470,0,Neurons
Cell_472,0,Astrocytes
Cell_473,0,GABAergic
Cell_474,0,Microglia
Cell_476,0,Oligodendrocytes
Cell_479,0,Oligodendrocytes
Cell_480,0,Astrocytes
Cell_481,0,Microglia
Cell_482,0,GABAergic
Cell_483,0,Microglia
Cell_484,0,Microglia
Cell_485,0,Oligodendrocytes
Cell_487,0,Neurons
Cell_490,0,Astrocytes
Cell_492,0,Endothelial
Cell_493,0,Microglia
Cell_494,0,Oligodendrocytes
Cell_495,0,GABAergic
Cell_496,0,Microglia
Cell_497,0,Astrocytes
Cell_498,0,Endothelial
Cell_500,0,Astrocytes
Cell_502,0,GABAergic
Cell_504,0,Astrocytes
Cell_505,0,GABAergic
Cell_506,0,Microglia
Cell_507,0,Oligodendrocytes
Cell_508,0,GABAergic
Cell_509,0,GABAergic
Cell_510,0,GABAergic
Cell_511,0,Microglia
Cell_514,0,Astrocytes
Cell_515,0,Endothelial
Cell_516,0,Neurons
Cell_517,0,GABAergic
Cell_522,0,Microglia
Cell_523,0,Astrocytes
Cell_524,0,Microglia
Cell_525,0,Microglia
Cell_526,0,Neurons
Cell_527,0,GABAergic
Cell_528,0,Microglia
Cell_529,0,Microglia
Cell_530,0,Microglia
Cell_531,0,Microglia
Cell_532,0,Astrocytes
Cell_533,0,Endothelial
Cell_534,0,Endothelial
Cell_536,0,GABAergic
Cell_537,0,Neurons
Cell_539,0,Endothelial
Cell_540,0,GABAergic
Cell_541,0,Microglia
Cell_542,0,Microglia
Cell_545,0,Oligodendrocytes
Cell_546,0,GABAergic
Cell_547,0,Microglia
Cell_550,0,Microglia
Cell_551,0,Neurons
Cell_552,0,Oligodendrocytes
Cell_553,0,Neurons
Cell_557,0,Astrocytes
Cell_558,0,Neurons
Cell_559,0,Microglia
Cell_560,0,Neurons
Cell_561,0,Neurons
Cell_562,0,Microglia
Cell_564,0,GABAergic
Cell_565,0,Astrocytes
Cell_566,0,GABAergic
Cell_567,0,Oligodendrocytes
Cell_568,0,Microglia
Cell_569,0,Microglia
Cell_571,0,Neurons
Cell_572,0,Neurons
Cell_573,0,GABAergic
Cell_574,0,Microglia
Cell_577,0,Neurons
Cell_578,0,Microglia
Cell_581,0,Oligodendrocytes
Cell_582,0,Oligodendrocytes
Cell_584,0,Microglia
Cell_587,0,GABAergic
Cell_590,0,Microglia
Cell_591,0,Microglia
Cell_592,0,GABAergic
Cell_593,0,GABAergic
Cell_594,0,Microglia
Cell_595,0,Microglia
Cell_596,0,Astrocytes
Cell_597,0,GABAergic
Cell_598,0,GABAergic
Cell_599,0,Neurons
Cell_600,0,Neurons
Cell_601,0,Endothelial
Cell_603,0,Neurons
Cell_605,0,Neurons
Cell_607,0,Astrocytes
Cell_608,0,Oligodendrocytes
Cell_609,0,GABAergic
Cell_610,0,GABAergic
Cell_611,0,GABAergic
Cell_612,0,Oligodendrocytes
Cell_613,0,GABAergic
Cell_615,0,GABAergic
Cell_616,0,Endothelial
Cell_617,0,Neurons
Cell_619,0,Oligodendrocytes
Cell_620,0,Microglia
Cell_621,0,GABAergic
Cell_624,0,Neurons
Cell_625,0,GABAergic
Cell_626,0,Microglia
Cell_627,0,Astrocytes
Cell_628,0,Astrocytes
Cell_629,0,Astrocytes
Cell_631,0,Microglia
Cell_632,0,Endothelial
Cell_633,0,Microglia
Cell_634,0,GABAergic
Cell_635,0,Microglia
Cell_637,0,GABAergic
Cell_638,0,Oligodendrocytes
Cell_639,0,Endothelial
Cell_640,0,Oligodendrocytes
Cell_641,0,Endothelial
Cell_643,0,Microglia
Cell_644,0,Oligodendrocytes
Cell_646,0,GABAergic
Cell_647,0,GABAergic
Cell_648,0,GABAergic
Cell_650,0,Oligodendrocytes
Cell_651,0,Astrocytes
Cell_652,0,Neurons
Cell_653,0,Microglia
Cell_654,0,Neurons
Cell_657,0,Endothelial
Cell_658,0,GABAergic
Cell_659,0,GABAergic
Cell_660,0,Microglia
Cell_661,0,Oligodendrocytes
Cell_663,0,Neurons
Cell_664,0,Microglia
Cell_665,0,Endothelial
Cell_668,0,GABAergic
Cell_669,0,Microglia
Cell_670,0,Microglia
Cell_673,0,Astrocytes
Cell_674,0,Neurons
Cell_675,0,Neurons
Cell_676,0,Endothelial
Cell_677,0,Microglia
Cell_678,0,GABAergic
Cell_679,0,Microglia
Cell_681,0,Oligodendrocytes
Cell_682,0,Microglia
Cell_683,0,Endothelial
Cell_684,0,Microglia
Cell_685,0,GABAergic
Cell_686,0,Endothelial
Cell_687,0,GABAergic
Cell_688,0,Endothelial
Cell_689,0,Microglia
Cell_690,0,GABAergic
Cell_691,0,Microglia
Cell_692,0,GABAergic
Cell_693,0,Microglia
Cell_694,0,Microglia
Cell_696,0,Neurons
Cell_697,0,Neurons
Cell_698,0,Microglia
Cell_699,0,Microglia
Cell_700,0,Oligodendrocytes
Cell_701,0,Astrocytes
Cell_702,0,Endothelial
Cell_703,0,Astrocytes
Cell_706,0,Endothelial
Cell_708,0,Microglia
Cell_709,0,GABAergic
Cell_710,0,Neurons
Cell_711,0,Oligodendrocytes
Cell_712,0,Neurons
Cell_713,0,GABAergic
Cell_715,0,Endothelial
Cell_716,0,Microglia
Cell_718,0,Oligodendrocytes
Cell_720,0,Endothelial
Cell_721,0,Microglia
Cell_722,0,Microglia
Cell_723,0,Oligodendrocytes
Cell_724,0,Oligodendrocytes
Cell_725,0,GABAergic
Cell_726,0,Neurons
Cell_727,0,GABAergic
Cell_728,0,Astrocytes
Cell_730,0,Oligodendrocytes
Cell_731,0,GABAergic
Cell_733,0,GABAergic
Cell_734,0,GABAergic
Cell_735,0,Microglia
Cell_737,0,Astrocytes
Cell_738,0,GABAergic
Cell_739,0,Microglia
Cell_740,0,Neurons
Cell_742,0,Microglia
Cell_743,0,Oligodendrocytes
Cell_745,0,GABAergic
Cell_746,0,Endothelial
Cell_748,0,Neurons
Cell_749,0,Neurons
Cell_750,0,Oligodendrocytes
Cell_751,0,GABAergic
Cell_752,0,Oligodendrocytes
Cell_753,0,Astrocytes
Cell_754,0,Astrocytes
Cell_755,0,Astrocytes
Cell_756,0,GABAergic
Cell_757,0,Microglia
Cell_760,0,Microglia
Cell_762,0,Neurons
Cell_763,0,Neurons
Cell_769,0,GABAergic
Cell_770,0,Endothelial
Cell_771,0,Astrocytes
Cell_772,0,Neurons
Cell_773,0,Neurons
Cell_775,0,Microglia
Cell_777,0,Oligodendrocytes
Cell_778,0,GABAergic
Cell_779,0,Endothelial
Cell_781,0,Microglia
Cell_784,0,Microglia
Cell_785,0,Neurons
Cell_790,0,Microglia
Cell_791,0,Microglia
Cell_792,0,Oligodendrocytes
Cell_795,0,GABAergic
Cell_796,0,GABAergic
Cell_798,0,Microglia
Cell_799,0,Neurons
Cell_800,0,Endothelial
Cell_801,0,Microglia
Cell_802,0,GABAergic
Cell_803,0,Microglia
Cell_807,0,Neurons
Cell_808,0,Neurons
Cell_809,0,Neurons
Cell_810,0,GABAergic
Cell_814,0,GABAergic
Cell_815,0,Endothelial
Cell_817,0,Oligodendrocytes
Cell_818,0,Microglia
Cell_820,0,GABAergic
Cell_821,0,Neurons
Cell_822,0,Oligodendrocytes
Cell_823,0,Neurons
Cell_824,0,Neurons
Cell_825,0,Astrocytes
Cell_826,0,Endothelial
Cell_827,0,Microglia
Cell_828,0,GABAergic
Cell_829,0,GABAergic
Cell_830,0,Microglia
Cell_831,0,Microglia
Cell_832,0,Neurons
Cell_833,0,Microglia
Cell_834,0,Microglia
Cell_835,0,Endothelial
Cell_836,0,Oligodendrocytes
Cell_837,0,Microglia
Cell_838,0,Endothelial
Cell_840,0,Oligodendrocytes
Cell_842,0,Endothelial
Cell_844,0,Microglia
Cell_845,0,GABAergic
Cell_847,0,Oligodendrocytes
Cell_848,0,Neurons
Cell_849,0,Endothelial
Cell_850,0,Microglia
Cell_851,0,GABAergic
Cell_852,0,GABAergic
Cell_853,0,Neurons
Cell_854,0,Neurons
Cell_855,0,Oligodendrocytes
Cell_856,0,GABAergic
Cell_857,0,Microglia
Cell_859,0,Neurons
Cell_860,0,Astrocytes
Cell_862,0,Endothelial
Cell_863,0,Neurons
Cell_865,0,Microglia
Cell_866,0,GABAergic
Cell_867,0,GABAergic
Cell_868,0,GABAergic
Cell_870,0,Astrocytes
Cell_871,0,Microglia
Cell_872,0,Microglia
Cell_873,0,GABAergic
Cell_874,0,GABAergic
Cell_876,0,GABAergic
Cell_877,0,Microglia
Cell_878,0,Microglia
Cell_879,0,Microglia
Cell_880,0,Endothelial
Cell_881,0,Microglia
Cell_882,0,Microglia
Cell_884,0,Astrocytes
Cell_885,0,Astrocytes
Cell_887,0,Endothelial
Cell_888,0,Oligodendrocytes
Cell_891,0,GABAergic
Cell_892,0,Neurons
Cell_893,0,Endothelial
Cell_894,0,GABAergic
Cell_895,0,Microglia
Cell_896,0,Microglia
Cell_897,0,Microglia
Cell_900,0,GABAergic
Cell_901,0,Microglia
Cell_902,0,Endothelial
Cell_903,0,Astrocytes
Cell_904,0,Endothelial
Cell_905,0,GABAergic
Cell_907,0,Microglia
Cell_908,0,GABAergic
Cell_909,0,GABAergic
Cell_911,0,Microglia
Cell_912,0,GABAergic
Cell_913,0,Microglia
Cell_915,0,Microglia
Cell_916,0,Endothelial
Cell_917,0,Oligodendrocytes
Cell_918,0,Microglia
Cell_920,0,Microglia
Cell_921,0,GABAergic
Cell_922,0,Neurons
Cell_923,0,GABAergic
Cell_924,0,GABAergic
Cell_925,0,Astrocytes
Cell_927,0,Microglia
Cell_929,0,Endothelial
Cell_931,0,GABAergic
Cell_934,0,GABAergic
Cell_937,0,Neurons
Cell_938,0,Astrocytes
Cell_939,0,GABAergic
Cell_940,0,Endothelial
Cell_941,0,Oligodendrocytes
Cell_942,0,Microglia
Cell_944,0,GABAergic
Cell_946,0,GABAergic
Cell_948,0,Microglia
Cell_949,0,Endothelial
Cell_951,0,GABAergic
Cell_953,0,Microglia
Cell_954,0,Endothelial
Cell_956,0,Astrocytes
Cell_957,0,GABAergic
Cell_958,0,Neurons
Cell_959,0,Oligodendrocytes
Cell_961,0,Microglia
Cell_962,0,Microglia
Cell_963,0,Neurons
Cell_964,0,Astrocytes
Cell_967,0,Astrocytes
Cell_968,0,GABAergic
Cell_969,0,GABAergic
Cell_970,0,GABAergic
Cell_973,0,Endothelial
Cell_974,0,Oligodendrocytes
Cell_975,0,Oligodendrocytes
Cell_976,0,Neurons
Cell_977,0,GABAergic
Cell_978,0,GABAergic
Cell_980,0,Microglia
Cell_981,0,Astrocytes
Cell_983,0,Neurons
Cell_984,0,Astrocytes
Cell_985,0,Neurons
Cell_986,0,Oligodendrocytes
Cell_987,0,GABAergic
Cell_988,0,GABAergic
Cell_989,0,Microglia
Cell_993,0,Microglia
Cell_994,0,Astrocytes
Cell_995,0,Neurons
Cell_996,0,Neurons
Cell_997,0,GABAergic
Cell_998,0,GABAergic
Cell_1001,0,Neurons
Cell_1003,0,Microglia
Cell_1004,0,GABAergic
Cell_1005,0,GABAergic
Cell_1006,0,Astrocytes
Cell_1007,0,Oligodendrocytes
Cell_1008,0,Microglia
Cell_1009,0,Oligodendrocytes
Cell_1010,0,Microglia
Cell_1012,0,Neurons
Cell_1014,0,Microglia
Cell_1015,0,Oligodendrocytes
Cell_1016,0,Neurons
Cell_1017,0,Endothelial
Cell_1019,0,Endothelial
Cell_1020,0,Astrocytes
Cell_1021,0,Astrocytes
Cell_1022,0,Endothelial
Cell_1023,0,Oligodendrocytes
Cell_1024,0,Neurons
Cell_1025,0,Endothelial
Cell_1026,0,GABAergic
Cell_1027,0,Endothelial
Cell_1029,0,Astrocytes
Cell_1031,0,Astrocytes
Cell_1033,0,GABAergic
Cell_1034,0,Oligodendrocytes
Cell_1035,0,Neurons
Cell_1036,0,Oligodendrocytes
Cell_1037,0,Endothelial
Cell_1039,0,Microglia
Cell_1040,0,GABAergic
Cell_1041,0,GABAergic
Cell_1042,0,Astrocytes
Cell_1043,0,GABAergic
Cell_1044,0,Astrocytes
Cell_1046,0,Microglia
Cell_1047,0,GABAergic
Cell_1048,0,GABAergic
Cell_1049,0,Microglia
Cell_1050,0,GABAergic
Cell_1051,0,Astrocytes
Cell_1052,0,Endothelial
Cell_1053,0,GABAergic
Cell_1055,0,Oligodendrocytes
Cell_1057,0,GABAergic
Cell_1058,0,Endothelial
Cell_1059,0,Microglia
Cell_1060,0,GABAergic
Cell_1061,0,Endothelial
Cell_1062,0,Neurons
Cell_1063,0,Oligodendrocytes
Cell_1064,0,Endothelial
Cell_1065,0,Oligodendrocytes
Cell_1066,0,Astrocytes
Cell_1067,0,Microglia
Cell_1068,0,Microglia
Cell_1070,0,GABAergic
Cell_1071,0,Microglia
Cell_1072,0,Neurons
Cell_1073,0,Endothelial
Cell_1074,0,Microglia
Cell_1076,0,Microglia
Cell_1077,0,GABAergic
Cell_1079,0,Astrocytes
Cell_1080,0,Microglia
Cell_1083,0,GABAergic
Cell_1084,0,Oligodendrocytes
Cell_1085,0,GABAergic
Cell_1086,0,Microglia
Cell_1087,0,Endothelial
Cell_1088,0,Microglia
Cell_1089,0,Neurons
Cell_1090,0,Oligodendrocytes
Cell_1091,0,Endothelial
Cell_1093,0,Oligodendrocytes
Cell_1094,0,Neurons
Cell_1096,0,Microglia
Cell_1097,0,Microglia
Cell_1100,0,Oligodendrocytes
Cell_1101,0,GABAergic
Cell_1102,0,Endothelial
Cell_1103,0,Microglia
Cell_1104,0,GABAergic
Cell_1105,0,Endothelial
Cell_1106,0,Neurons
Cell_1108,0,GABAergic
Cell_1109,0,Endothelial
Cell_1112,0,GABAergic
Cell_1114,0,GABAergic
Cell_1116,0,Neurons
Cell_1117,0,GABAergic
Cell_1118,0,Neurons
Cell_1119,0,Microglia
Cell_1121,0,Endothelial
Cell_1124,0,Endothelial
Cell_1125,0,Oligodendrocytes
Cell_1126,0,Oligodendrocytes
Cell_1127,0,Endothelial
Cell_1128,0,GABAergic
Cell_1129,0,Astrocytes
Cell_1130,0,GABAergic
Cell_1132,0,GABAergic
Cell_1133,0,Oligodendrocytes
Cell_1135,0,Oligodendrocytes
Cell_1136,0,Oligodendrocytes
Cell_1137,0,GABAergic
Cell_1138,0,Microglia
Cell_1139,0,Neurons
Cell_1142,0,GABAergic
Cell_1143,0,Oligodendrocytes
Cell_1146,0,Endothelial
Cell_1148,0,GABAergic
Cell_1149,0,GABAergic
Cell_1150,0,Astrocytes
Cell_1151,0,Microglia
Cell_1152,0,GABAergic
Cell_1153,0,Astrocytes
Cell_1154,0,Microglia
Cell_1155,0,Microglia
Cell_1157,0,Endothelial
Cell_1158,0,Neurons
Cell_1159,0,Microglia
Cell_1161,0,GABAergic
Cell_1162,0,Oligodendrocytes
Cell_1163,0,GABAergic
Cell_1164,0,Microglia
Cell_1165,0,Astrocytes
Cell_1166,0,GABAergic
Cell_1168,0,GABAergic
Cell_1169,0,Microglia
Cell_1170,0,Astrocytes
Cell_1171,0,Endothelial
Cell_1172,0,Endothelial
Cell_1173,0,Astrocytes
Cell_1174,0,Microglia
Cell_1177,0,GABAergic
Cell_1178,0,Microglia
Cell_1179,0,Astrocytes
Cell_1180,0,Endothelial
Cell_1183,0,Endothelial
Cell_1184,0,GABAergic
Cell_1185,0,Endothelial
Cell_1187,0,Neurons
Cell_1188,0,Oligodendrocytes
Cell_1189,0,Astrocytes
Cell_1190,0,Microglia
Cell_1191,0,Microglia
Cell_1192,0,Neurons
Cell_1193,0,Microglia
Cell_1194,0,Neurons
Cell_1195,0,Oligodendrocytes
Cell_1197,0,Endothelial
Cell_1198,0,Endothelial
Cell_1199,0,Endothelial
Cell_1200,0,Endothelial
Cell_1201,0,GABAergic
Cell_1203,0,Oligodendrocytes
Cell_1204,0,GABAergic
Cell_1205,0,GABAergic
Cell_1206,0,GABAergic
Cell_1207,0,Microglia
Cell_1208,0,Endothelial
Cell_1210,0,Oligodendrocytes
Cell_1211,0,GABAergic
Cell_1212,0,GABAergic
Cell_1213,0,Microglia
Cell_1214,0,Microglia
Cell_1215,0,Microglia
Cell_1216,0,Oligodendrocytes
Cell_1217,0,Microglia
Cell_1218,0,Microglia
Cell_1219,0,GABAergic
Cell_1220,0,GABAergic
Cell_1221,0,GABAergic
Cell_1222,0,Microglia
Cell_1223,0,Endothelial
Cell_1224,0,Endothelial
Cell_1226,0,Oligodendrocytes
Cell_1227,0,GABAergic
Cell_1228,0,Oligodendrocytes
Cell_1229,0,Microglia
Cell_1231,0,Microglia
Cell_1232,0,Astrocytes
Cell_1233,0,GABAergic
Cell_1237,0,Astrocytes
Cell_1238,0,Astrocytes
Cell_1239,0,Neurons
Cell_1240,0,Endothelial
Cell_1241,0,Microglia
Cell_1242,0,GABAergic
Cell_1243,0,Endothelial
Cell_1248,0,Oligodendrocytes
Cell_1250,0,Oligodendrocytes
Cell_1251,0,Microglia
Cell_1252,0,Astrocytes
Cell_1253,0,Astrocytes
Cell_1255,0,Neurons
Cell_1256,0,GABAergic
Cell_1257,0,Microglia
Cell_1258,0,Neurons
Cell_1259,0,Microglia
Cell_1260,0,Oligodendrocytes
Cell_1261,0,GABAergic
Cell_1262,0,GABAergic
Cell_1263,0,GABAergic
Cell_1264,0,Neurons
Cell_1265,0,GABAergic
Cell_1266,0,Microglia
Cell_1269,0,Microglia
Cell_1270,0,Astrocytes
Cell_1271,0,Neurons
Cell_1273,0,Endothelial
Cell_1275,0,Microglia
Cell_1276,0,Astrocytes
Cell_1277,0,GABAergic
Cell_1278,0,Endothelial
Cell_1279,0,Oligodendrocytes
Cell_1281,0,Microglia
Cell_1283,0,Astrocytes
Cell_1284,0,Neurons
Cell_1286,0,Oligodendrocytes
Cell_1287,0,GABAergic
Cell_1289,0,Endothelial
Cell_1290,0,Neurons
Cell_1291,0,Astrocytes
Cell_1292,0,Astrocytes
Cell_1295,0,Microglia
Cell_1297,0,GABAergic
Cell_1298,0,Microglia
Cell_1299,0,Microglia
Cell_1300,0,GABAergic
Cell_1301,0,Neurons
Cell_1302,0,Microglia
Cell_1303,0,GABAergic
Cell_1304,0,GABAergic
Cell_1305,0,Astrocytes
Cell_1306,0,Astrocytes
Cell_1307,0,Astrocytes
Cell_1308,0,GABAergic
Cell_1309,0,GABAergic
Cell_1311,0,Oligodendrocytes
Cell_1313,0,GABAergic
Cell_1314,0,GABAergic
Cell_1316,0,Oligodendrocytes
Cell_1317,0,Microglia
Cell_1318,0,Microglia
Cell_1319,0,Microglia
Cell_1320,0,Endothelial
Cell_1321,0,Neurons
Cell_1322,0,GABAergic
Cell_1324,0,Microglia
Cell_1325,0,Microglia
Cell_1328,0,GABAergic
Cell_1329,0,Neurons
Cell_1330,0,Neurons
Cell_1331,0,GABAergic
Cell_1332,0,Neurons
Cell_1333,0,GABAergic
Cell_1334,0,Neurons
Cell_1336,0,Neurons
Cell_1337,0,Microglia
Cell_1338,0,Endothelial
Cell_1339,0,Astrocytes
Cell_1340,0,Neurons
Cell_1342,0,GABAergic
Cell_1343,0,Neurons
Cell_1344,0,Neurons
Cell_1346,0,GABAergic
Cell_1347,0,Endothelial
Cell_1349,0,GABAergic
Cell_1350,0,Astrocytes
Cell_1351,0,Microglia
Cell_1352,0,Microglia
Cell_1353,0,Neurons
Cell_1354,0,Endothelial
Cell_1355,0,Astrocytes
Cell_1356,0,Microglia
Cell_1357,0,GABAergic
Cell_1359,0,GABAergic
Cell_1361,0,GABAergic
Cell_1362,0,Neurons
Cell_1363,0,GABAergic
Cell_1364,0,Microglia
Cell_1365,0,GABAergic
Cell_1366,0,Neurons
Cell_1367,0,Astrocytes
Cell_1368,0,Microglia
Cell_1369,0,GABAergic
Cell_1370,0,Endothelial
Cell_1371,0,Endothelial
Cell_1372,0,Endothelial
Cell_1373,0,Endothelial
Cell_1374,0,Endothelial
Cell_1375,0,Endothelial
Cell_1376,0,GABAergic
Cell_1377,0,Microglia
Cell_1380,0,Endothelial
Cell_1381,0,GABAergic
Cell_1382,0,Microglia
Cell_1383,0,Microglia
Cell_1384,0,Microglia
Cell_1385,0,Microglia
Cell_1387,0,Astrocytes
Cell_1388,0,Microglia
Cell_1392,0,Microglia
Cell_1393,0,Microglia
Cell_1394,0,Neurons
Cell_1395,0,Oligodendrocytes
Cell_1396,0,Oligodendrocytes
Cell_1397,0,Microglia
Cell_1398,0,GABAergic
Cell_1400,0,Oligodendrocytes
Cell_1402,0,Astrocytes
Cell_1403,0,Microglia
Cell_1405,0,Microglia
Cell_1406,0,GABAergic
Cell_1407,0,Endothelial
Cell_1409,0,Endothelial
Cell_1410,0,Neurons
Cell_1411,0,Microglia
Cell_1412,0,Microglia
Cell_1413,0,Astrocytes
Cell_1417,0,Endothelial
Cell_1418,0,Microglia
Cell_1420,0,GABAergic
Cell_1422,0,Astrocytes
Cell_1423,0,GABAergic
Cell_1424,0,GABAergic
Cell_1425,0,Endothelial
Cell_1426,0,Oligodendrocytes
Cell_1427,0,Oligodendrocytes
Cell_1428,0,GABAergic
Cell_1430,0,Oligodendrocytes
Cell_1431,0,Neurons
Cell_1432,0,Neurons
Cell_1433,0,Microglia
Cell_1434,0,Astrocytes
Cell_1435,0,Neurons
Cell_1437,0,Microglia
Cell_1438,0,Microglia
Cell_1440,0,GABAergic
Cell_1441,0,GABAergic
Cell_1442,0,Microglia
Cell_1443,0,Microglia
Cell_1444,0,Astrocytes
Cell_1445,0,GABAergic
Cell_1446,0,Neurons
Cell_1447,0,Microglia
Cell_1450,0,Microglia
Cell_1451,0,GABAergic
Cell_1452,0,Oligodendrocytes
Cell_1453,0,Oligodendrocytes
Cell_1454,0,Microglia
Cell_1455,0,Astrocytes
Cell_1456,0,Endothelial
Cell_1457,0,Oligodendrocytes
Cell_1459,0,GABAergic
Cell_1462,0,Endothelial
Cell_1463,0,Astrocytes
Cell_1464,0,GABAergic
Cell_1465,0,Microglia
Cell_1466,0,GABAergic
Cell_1467,0,GABAergic
Cell_1469,0,GABAergic
Cell_1470,0,Oligodendrocytes
Cell_1471,0,GABAergic
Cell_1475,0,GABAergic
Cell_1476,0,GABAergic
Cell_1477,0,Astrocytes
Cell_1479,0,Endothelial
Cell_1480,0,Endothelial
Cell_1482,0,Neurons
Cell_1483,0,Endothelial
Cell_1485,0,Microglia
Cell_1486,0,Endothelial
Cell_1487,0,Microglia
Cell_1488,0,Endothelial
Cell_1489,0,GABAergic
Cell_1491,0,Microglia
Cell_1492,0,Oligodendrocytes
Cell_1493,0,Neurons
Cell_1494,0,GABAergic
Cell_1495,0,Endothelial
Cell_1496,0,GABAergic
Cell_1499,0,Endothelial
Cell_1500,0,Neurons
Cell_1502,0,GABAergic
Cell_1503,0,Endothelial
Cell_1504,0,Neurons
Cell_1505,0,Microglia
Cell_1506,0,Endothelial
Cell_1507,0,GABAergic
Cell_1509,0,Neurons
Cell_1510,0,Neurons
Cell_1511,0,GABAergic
Cell_1512,0,Neurons
Cell_1513,0,Microglia
Cell_1514,0,Endothelial
Cell_1515,0,GABAergic
Cell_1516,0,Oligodendrocytes
Cell_1518,0,GABAergic
Cell_1520,0,Neurons
Cell_1521,0,GABAergic
Cell_1522,0,Endothelial
Cell_1523,0,GABAergic
Cell_1526,0,Neurons
Cell_1527,0,Astrocytes
Cell_1528,0,Endothelial
Cell_1529,0,Microglia
Cell_1531,0,Microglia
Cell_1532,0,Microglia
Cell_1533,0,Microglia
Cell_1535,0,Neurons
Cell_1536,0,GABAergic
Cell_1537,0,GABAergic
Cell_1539,0,Endothelial
Cell_1541,0,Endothelial
Cell_1543,0,GABAergic
Cell_1546,0,GABAergic
Cell_1548,0,Astrocytes
Cell_1551,0,Oligodendrocytes
Cell_1552,0,Oligodendrocytes
Cell_1553,0,Endothelial
Cell_1555,0,Oligodendrocytes
Cell_1557,0,Endothelial
Cell_1558,0,Microglia
Cell_1560,0,Endothelial
Cell_1561,0,GABAergic
Cell_1562,0,Astrocytes
Cell_1563,0,Microglia
Cell_1564,0,Neurons
Cell_1565,0,GABAergic
Cell_1566,0,Endothelial
Cell_1567,0,GABAergic
Cell_1568,0,Oligodendrocytes
Cell_1570,0,GABAergic
Cell_1571,0,GABAergic
Cell_1573,0,Microglia
Cell_1574,0,Oligodendrocytes
Cell_1575,0,Microglia
Cell_1576,0,Microglia
Cell_1577,0,GABAergic
Cell_1578,0,Neurons
Cell_1579,0,Endothelial
Cell_1580,0,Microglia
Cell_1582,0,Microglia
Cell_1583,0,GABAergic
Cell_1585,0,Oligodendrocytes
Cell_1586,0,Endothelial
Cell_1587,0,GABAergic
Cell_1588,0,Oligodendrocytes
Cell_1589,0,Microglia
Cell_1590,0,GABAergic
Cell_1591,0,Endothelial
Cell_1592,0,Astrocytes
Cell_1593,0,Microglia
Cell_1594,0,Astrocytes
Cell_1595,0,Microglia
Cell_1597,0,GABAergic
Cell_1598,0,Astrocytes
Cell_1599,0,GABAergic
Cell_1600,0,GABAergic
Cell_1602,0,Endothelial
Cell_1604,0,Microglia
Cell_1605,0,Endothelial
Cell_1606,0,GABAergic
Cell_1608,0,Neurons
Cell_1609,0,GABAergic
Cell_1610,0,Microglia
Cell_1611,0,Microglia
Cell_1612,0,Endothelial
Cell_1613,0,Neurons
Cell_1614,0,Oligodendrocytes
Cell_1615,0,Microglia
Cell_1618,0,Microglia
Cell_1619,0,GABAergic
Cell_1621,0,Astrocytes
Cell_1625,0,Microglia
Cell_1626,0,Oligodendrocytes
Cell_1629,0,Oligodendrocytes
Cell_1630,0,Oligodendrocytes
Cell_1631,0,GABAergic
Cell_1632,0,Microglia
Cell_1634,0,GABAergic
Cell_1635,0,Microglia
Cell_1636,0,GABAergic
Cell_1637,0,GABAergic
Cell_1638,0,GABAergic
Cell_1639,0,Oligodendrocytes
Cell_1640,0,Microglia
Cell_1641,0,Oligodendrocytes
Cell_1643,0,Endothelial
Cell_1644,0,Microglia
Cell_1645,0,Astrocytes
Cell_1647,0,Oligodendrocytes
Cell_1648,0,GABAergic
Cell_1649,0,GABAergic
Cell_1650,0,Oligodendrocytes
Cell_1652,0,Oligodendrocytes
Cell_1654,0,Neurons
Cell_1655,0,GABAergic
Cell_1656,0,Microglia
Cell_1660,0,Endothelial
Cell_1661,0,Endothelial
Cell_1663,0,Endothelial
Cell_1664,0,Astrocytes
Cell_1665,0,Neurons
Cell_1666,0,Astrocytes
Cell_1667,0,Astrocytes
Cell_1670,0,Oligodendrocytes
Cell_1671,0,Endothelial
Cell_1672,0,Endothelial
Cell_1673,0,Oligodendrocytes
Cell_1674,0,Microglia
Cell_1675,0,GABAergic
Cell_1677,0,Neurons
Cell_1678,0,Endothelial
Cell_1679,0,Microglia
Cell_1680,0,Microglia
Cell_1681,0,GABAergic
Cell_1682,0,Endothelial
Cell_1683,0,GABAergic
Cell_1685,0,Oligodendrocytes
Cell_1686,0,Oligodendrocytes
Cell_1687,0,Microglia
Cell_1688,0,Neurons
Cell_1689,0,Oligodendrocytes
Cell_1691,0,Microglia
Cell_1692,0,Endothelial
Cell_1693,0,Neurons
Cell_1694,0,Endothelial
Cell_1696,0,Endothelial
Cell_1697,0,Microglia
Cell_1698,0,Neurons
Cell_1700,0,Neurons
Cell_1701,0,Oligodendrocytes
Cell_1702,0,Neurons
Cell_1703,0,Neurons
Cell_1705,0,Endothelial
Cell_1707,0,Neurons
Cell_1708,0,Neurons
Cell_1709,0,GABAergic
Cell_1710,0,GABAergic
Cell_1714,0,Endothelial
Cell_1715,0,GABAergic
Cell_1716,0,Oligodendrocytes
Cell_1717,0,GABAergic
Cell_1718,0,GABAergic
Cell_1719,0,Microglia
Cell_1720,0,Endothelial
Cell_1723,0,Endothelial
Cell_1724,0,Astrocytes
Cell_1725,0,Microglia
Cell_1726,0,Endothelial
Cell_1728,0,Microglia
Cell_1729,0,Neurons
Cell_1730,0,Neurons
Cell_1731,0,GABAergic
Cell_1732,0,Neurons
Cell_1733,0,GABAergic
Cell_1734,0,Endothelial
Cell_1735,0,Microglia
Cell_1737,0,GABAergic
Cell_1741,0,GABAergic
Cell_1745,0,GABAergic
Cell_1746,0,GABAergic
Cell_1747,0,Microglia
Cell_1748,0,Endothelial
Cell_1749,0,Microglia
Cell_1750,0,GABAergic
Cell_1751,0,Oligodendrocytes
Cell_1754,0,Neurons
Cell_1755,0,Oligodendrocytes
Cell_1757,0,Microglia
Cell_1758,0,Endothelial
Cell_1759,0,GABAergic
Cell_1761,0,Microglia
Cell_1762,0,GABAergic
Cell_1763,0,GABAergic
Cell_1764,0,Oligodendrocytes
Cell_1765,0,Microglia
Cell_1767,0,GABAergic
Cell_1768,0,Astrocytes
Cell_1769,0,Astrocytes
Cell_1770,0,GABAergic
Cell_1771,0,GABAergic
Cell_1772,0,Astrocytes
Cell_1773,0,Endothelial
Cell_1774,0,Microglia
Cell_1775,0,Microglia
Cell_1777,0,GABAergic
Cell_1781,0,Endothelial
Cell_1782,0,Microglia
Cell_1784,0,Oligodendrocytes
Cell_1785,0,Microglia
Cell_1787,0,Oligodendrocytes
Cell_1788,0,Microglia
Cell_1790,0,GABAergic
Cell_1791,0,Neurons
Cell_1792,0,Astrocytes
Cell_1793,0,Microglia
Cell_1794,0,Microglia
Cell_1795,0,GABAergic
Cell_1796,0,Endothelial
Cell_1797,0,Oligodendrocytes
Cell_1798,0,Oligodendrocytes
Cell_1800,0,Microglia
Cell_1801,0,Microglia
Cell_1802,0,GABAergic
Cell_1804,0,Oligodendrocytes
Cell_1806,0,GABAergic
Cell_1807,0,Astrocytes
Cell_1808,0,Microglia
Cell_1810,0,Endothelial
Cell_1812,0,Microglia
Cell_1813,0,Neurons
Cell_1814,0,Microglia
Cell_1815,0,GABAergic
Cell_1816,0,Microglia
Cell_1817,0,Neurons
Cell_1818,0,Microglia
Cell_1819,0,Endothelial
Cell_1820,0,GABAergic
Cell_1823,0,GABAergic
Cell_1824,0,Astrocytes
Cell_1825,0,GABAergic
Cell_1826,0,Microglia
Cell_1827,0,Endothelial
Cell_1828,0,Microglia
Cell_1829,0,Microglia
Cell_1830,0,GABAergic
Cell_1834,0,Microglia
Cell_1835,0,GABAergic
Cell_1836,0,Oligodendrocytes
Cell_1837,0,Microglia
Cell_1838,0,Microglia
Cell_1839,0,Astrocytes
Cell_1840,0,Microglia
Cell_1842,0,Microglia
Cell_1843,0,GABAergic
Cell_1847,0,Oligodendrocytes
Cell_1849,0,Oligodendrocytes
Cell_1850,0,GABAergic
Cell_1851,0,Neurons
Cell_1853,0,Microglia
Cell_1854,0,Endothelial
Cell_1855,0,GABAergic
Cell_1856,0,Neurons
Cell_1858,0,Endothelial
Cell_1860,0,GABAergic
Cell_1861,0,Microglia
Cell_1864,0,Microglia
Cell_1866,0,GABAergic
Cell_1867,0,Endothelial
Cell_1868,0,GABAergic
Cell_1869,0,GABAergic
Cell_1872,0,GABAergic
Cell_1873,0,Endothelial
Cell_1874,0,Neurons
Cell_1875,0,Neurons
Cell_1877,0,Microglia
Cell_1878,0,Microglia
Cell_1880,0,Endothelial
Cell_1881,0,Neurons
Cell_1882,0,GABAergic
Cell_1884,0,Astrocytes
Cell_1886,0,Endothelial
Cell_1887,0,Neurons
Cell_1888,0,Microglia
Cell_1889,0,Endothelial
Cell_1890,0,GABAergic
Cell_1893,0,Microglia
Cell_1894,0,Endothelial
Cell_1895,0,Oligodendrocytes
Cell_1896,0,Oligodendrocytes
Cell_1897,0,Astrocytes
Cell_1899,0,Endothelial
Cell_1900,0,GABAergic
Cell_1901,0,Microglia
Cell_1902,0,Microglia
Cell_1903,0,Endothelial
Cell_1904,0,Endothelial
Cell_1905,0,Endothelial
Cell_1906,0,Neurons
Cell_1908,0,Microglia
Cell_1909,0,Neurons
Cell_1910,0,Endothelial
Cell_1911,0,Microglia
Cell_1913,0,Neurons
Cell_1915,0,Endothelial
Cell_1916,0,GABAergic
Cell_1917,0,Microglia
Cell_1918,0,Microglia
Cell_1920,0,Oligodendrocytes
Cell_1921,0,Neurons
Cell_1924,0,Microglia
Cell_1925,0,GABAergic
Cell_1926,0,Neurons
Cell_1927,0,Microglia
Cell_1929,0,Endothelial
Cell_1930,0,GABAergic
Cell_1931,0,Astrocytes
Cell_1933,0,Microglia
Cell_1934,0,Microglia
Cell_1935,0,GABAergic
Cell_1938,0,Oligodendrocytes
Cell_1939,0,Neurons
Cell_1940,0,Oligodendrocytes
Cell_1941,0,Oligodendrocytes
Cell_1942,0,GABAergic
Cell_1943,0,Neurons
Cell_1944,0,Microglia
Cell_1945,0,Endothelial
Cell_1946,0,GABAergic
Cell_1947,0,Neurons
Cell_1948,0,Endothelial
Cell_1950,0,GABAergic
Cell_1951,0,Microglia
Cell_1952,0,Neurons
Cell_1953,0,Neurons
Cell_1954,0,Neurons
Cell_1958,0,Microglia
Cell_1960,0,Astrocytes
Cell_1961,0,Microglia
Cell_1962,0,Neurons
Cell_1963,0,Oligodendrocytes
Cell_1964,0,GABAergic
Cell_1965,0,Neurons
Cell_1966,0,Endothelial
Cell_1968,0,Neurons
Cell_1969,0,GABAergic
Cell_1970,0,Microglia
Cell_1971,0,Microglia
Cell_1972,0,Microglia
Cell_1975,0,Oligodendrocytes
Cell_1976,0,Neurons
Cell_1978,0,Neurons
Cell_1979,0,Microglia
Cell_1980,0,Microglia
Cell_1981,0,Microglia
Cell_1982,0,Microglia
Cell_1983,0,Microglia
Cell_1984,0,GABAergic
Cell_1985,0,Microglia
Cell_1986,0,Neurons
Cell_1988,0,Endothelial
Cell_1990,0,GABAergic
Cell_1991,0,GABAergic
Cell_1993,0,Microglia
Cell_1994,0,Oligodendrocytes
Cell_1996,0,GABAergic
Cell_2000,0,Microglia
Cell_2002,0,Endothelial
Cell_2003,0,Astrocytes
Cell_2004,0,Astrocytes
Cell_2005,0,Endothelial
Cell_2007,0,Neurons
Cell_2008,0,Astrocytes
Cell_2009,0,Endothelial
Cell_2010,0,Neurons
Cell_2011,0,Endothelial
Cell_2012,0,Neurons
Cell_2013,0,Oligodendrocytes
Cell_2014,0,Astrocytes
Cell_2016,0,Oligodendrocytes
Cell_2017,0,GABAergic
Cell_2018,0,Microglia
Cell_2021,0,Endothelial
Cell_2022,0,GABAergic
Cell_2024,0,GABAergic
Cell_2025,0,Microglia
Cell_2026,0,GABAergic
Cell_2028,0,Microglia
Cell_2030,0,Endothelial
Cell_2031,0,Astrocytes
Cell_2032,0,GABAergic
Cell_2034,0,Astrocytes
Cell_2036,0,Microglia
Cell_2038,0,GABAergic
Cell_2039,0,Microglia
Cell_2042,0,Microglia
Cell_2043,0,Microglia
Cell_2044,0,Microglia
Cell_2047,0,GABAergic
Cell_2048,0,Neurons
Cell_2049,0,Neurons
Cell_2050,0,Endothelial
Cell_2051,0,Endothelial
Cell_2052,0,Microglia
Cell_2054,0,GABAergic
Cell_2055,0,Microglia
Cell_2056,0,Endothelial
Cell_2057,0,Oligodendrocytes
Cell_2058,0,Microglia
Cell_2060,0,Neurons
Cell_2061,0,Microglia
Cell_2062,0,Microglia
Cell_2063,0,GABAergic
Cell_2065,0,Astrocytes
Cell_2067,0,GABAergic
Cell_2069,0,Astrocytes
Cell_2070,0,GABAergic
Cell_2071,0,Microglia
Cell_2072,0,Microglia
Cell_2075,0,Neurons
Cell_2076,0,Neurons
Cell_2077,0,GABAergic
Cell_2078,0,Neurons
Cell_2079,0,Oligodendrocytes
Cell_2081,0,Astrocytes
Cell_2082,0,Oligodendrocytes
Cell_2083,0,Microglia
Cell_2085,0,Neurons
Cell_2086,0,GABAergic
Cell_2087,0,GABAergic
Cell_2088,0,Microglia
Cell_2089,0,Astrocytes
Cell_2091,0,GABAergic
Cell_2093,0,Astrocytes
Cell_2094,0,Astrocytes
Cell_2095,0,Astrocytes
Cell_2097,0,Endothelial
Cell_2100,0,GABAergic
Cell_2101,0,Astrocytes
Cell_2102,0,Astrocytes
Cell_2104,0,Oligodendrocytes
Cell_2105,0,Endothelial
Cell_2106,0,Microglia
Cell_2107,0,Endothelial
Cell_2108,0,GABAergic
Cell_2109,0,Microglia
Cell_2110,0,Microglia
Cell_2111,0,GABAergic
Cell_2113,0,Endothelial
Cell_2114,0,GABAergic
Cell_2116,0,GABAergic
Cell_2117,0,Endothelial
Cell_2118,0,Endothelial
Cell_2119,0,Oligodendrocytes
Cell_2120,0,Microglia
Cell_2122,0,Endothelial
Cell_2123,0,Astrocytes
Cell_2125,0,GABAergic
Cell_2127,0,GABAergic
Cell_2128,0,Microglia
Cell_2129,0,Astrocytes
Cell_2131,0,Microglia
Cell_2133,0,Neurons
Cell_2134,0,Microglia
Cell_2135,0,Microglia
Cell_2136,0,Endothelial
Cell_2137,0,Oligodendrocytes
Cell_2138,0,GABAergic
Cell_2139,0,GABAergic
Cell_2140,0,Oligodendrocytes
Cell_2141,0,GABAergic
Cell_2142,0,Oligodendrocytes
Cell_2143,0,Neurons
Cell_2144,0,Microglia
Cell_2145,0,Neurons
Cell_2146,0,Endothelial
Cell_2147,0,Endothelial
Cell_2150,0,Endothelial
Cell_2151,0,Astrocytes
Cell_2152,0,Neurons
Cell_2153,0,GABAergic
Cell_2154,0,GABAergic
Cell_2156,0,GABAergic
Cell_2158,0,Endothelial
Cell_2159,0,GABAergic
Cell_2160,0,Microglia
Cell_2162,0,Astrocytes
Cell_2164,0,GABAergic
Cell_2165,0,Neurons
Cell_2166,0,Oligodendrocytes
Cell_2167,0,Endothelial
Cell_2168,0,GABAergic
Cell_2169,0,Microglia
Cell_2170,0,Microglia
Cell_2171,0,Endothelial
Cell_2173,0,Microglia
Cell_2174,0,GABAergic
Cell_2176,0,Oligodendrocytes
Cell_2178,0,Astrocytes
Cell_2179,0,Oligodendrocytes
Cell_2180,0,Astrocytes
Cell_2181,0,Microglia
Cell_2182,0,Oligodendrocytes
Cell_2183,0,Neurons
Cell_2184,0,GABAergic
Cell_2185,0,Endothelial
Cell_2186,0,Astrocytes
Cell_2187,0,Astrocytes
Cell_2189,0,Microglia
Cell_2190,0,Microglia
Cell_2191,0,Microglia
Cell_2192,0,Endothelial
Cell_2194,0,Astrocytes
Cell_2195,0,GABAergic
Cell_2196,0,GABAergic
Cell_2197,0,Microglia
Cell_2198,0,Neurons
Cell_2199,0,Microglia
Cell_2200,0,Endothelial
Cell_2202,0,Oligodendrocytes
Cell_2204,0,Neurons
Cell_2205,0,Microglia
Cell_2207,0,Neurons
Cell_2208,0,Oligodendrocytes
Cell_2209,0,Neurons
Cell_2210,0,Neurons
Cell_2211,0,Microglia
Cell_2215,0,Neurons
Cell_2216,0,Neurons
Cell_2217,0,Endothelial
Cell_2218,0,Astrocytes
Cell_2219,0,Oligodendrocytes
Cell_2220,0,GABAergic
Cell_2221,0,Neurons
Cell_2222,0,Oligodendrocytes
Cell_2223,0,Microglia
Cell_2224,0,Oligodendrocytes
Cell_2225,0,Endothelial
Cell_2227,0,Oligodendrocytes
Cell_2229,0,Neurons
Cell_2231,0,Endothelial
Cell_2232,0,Astrocytes
Cell_2233,0,GABAergic
Cell_2234,0,Astrocytes
Cell_2235,0,GABAergic
Cell_2236,0,GABAergic
Cell_2237,0,Oligodendrocytes
Cell_2238,0,GABAergic
Cell_2239,0,Neurons
Cell_2240,0,Microglia
Cell_2241,0,Oligodendrocytes
Cell_2244,0,Oligodendrocytes
Cell_2245,0,Endothelial
Cell_2246,0,GABAergic
Cell_2251,0,Microglia
Cell_2252,0,Neurons
Cell_2253,0,Astrocytes
Cell_2254,0,Endothelial
Cell_2256,0,GABAergic
Cell_2257,0,GABAergic
Cell_2258,0,Oligodendrocytes
Cell_2260,0,Oligodendrocytes
Cell_2261,0,Oligodendrocytes
Cell_2263,0,Oligodendrocytes
Cell_2264,0,GABAergic
Cell_2265,0,Astrocytes
Cell_2266,0,Endothelial
Cell_2267,0,Neurons
Cell_2269,0,Microglia
Cell_2270,0,Microglia
Cell_2271,0,Astrocytes
Cell_2272,0,Endothelial
Cell_2273,0,Microglia
Cell_2274,0,Endothelial
Cell_2276,0,Neurons
Cell_2277,0,Neurons
Cell_2278,0,Astrocytes
Cell_2279,0,GABAergic
Cell_2280,0,GABAergic
Cell_2281,0,Oligodendrocytes
Cell_2282,0,Oligodendrocytes
Cell_2283,0,Neurons
Cell_2285,0,GABAergic
Cell_2287,0,Neurons
Cell_2289,0,GABAergic
Cell_2290,0,GABAergic
Cell_2292,0,GABAergic
Cell_2293,0,Microglia
Cell_2294,0,Neurons
Cell_2295,0,Neurons
Cell_2296,0,GABAergic
Cell_2297,0,Astrocytes
Cell_2298,0,GABAergic
Cell_2299,0,Neurons
Cell_2300,0,Astrocytes
Cell_2303,0,Astrocytes
Cell_2304,0,Neurons
Cell_2305,0,Oligodendrocytes
Cell_2306,0,GABAergic
Cell_2307,0,GABAergic
Cell_2308,0,GABAergic
Cell_2309,0,Astrocytes
Cell_2310,0,Endothelial
Cell_2311,0,Oligodendrocytes
Cell_2313,0,Oligodendrocytes
Cell_2314,0,GABAergic
Cell_2315,0,Microglia
Cell_2317,0,Microglia
Cell_2318,0,GABAergic
Cell_2319,0,Astrocytes
Cell_2320,0,GABAergic
Cell_2323,0,Microglia
Cell_2324,0,GABAergic
Cell_2325,0,Microglia
Cell_2326,0,Endothelial
Cell_2327,0,Astrocytes
Cell_2328,0,Neurons
Cell_2329,0,Neurons
Cell_2330,0,Astrocytes
Cell_2331,0,GABAergic
Cell_2332,0,Endothelial
Cell_2333,0,Endothelial
Cell_2334,0,Microglia
Cell_2335,0,GABAergic
Cell_2337,0,GABAergic
Cell_2338,0,Microglia
Cell_2339,0,GABAergic
Cell_2340,0,Microglia
Cell_2341,0,GABAergic
Cell_2342,0,Astrocytes
Cell_2345,0,Microglia
Cell_2346,0,Microglia
Cell_2347,0,Oligodendrocytes
Cell_2348,0,GABAergic
Cell_2350,0,GABAergic
Cell_2351,0,Endothelial
Cell_2352,0,Oligodendrocytes
Cell_2354,0,GABAergic
Cell_2355,0,GABAergic
Cell_2357,0,Astrocytes
Cell_2360,0,Endothelial
Cell_2362,0,Microglia
Cell_2363,0,Microglia
Cell_2365,0,Oligodendrocytes
Cell_2366,0,Microglia
Cell_2367,0,Endothelial
Cell_2369,0,GABAergic
Cell_2370,0,Neurons
Cell_2371,0,Oligodendrocytes
Cell_2372,0,Neurons
Cell_2373,0,Microglia
Cell_2376,0,Neurons
Cell_2377,0,Microglia
Cell_2378,0,Microglia
Cell_2379,0,Endothelial
Cell_2380,0,Microglia
Cell_2381,0,Endothelial
Cell_2382,0,Endothelial
Cell_2385,0,Neurons
Cell_2388,0,Microglia
Cell_2389,0,Oligodendrocytes
Cell_2390,0,Oligodendrocytes
Cell_2391,0,Neurons
Cell_2393,0,Microglia
Cell_2394,0,Endothelial
Cell_2396,0,Astrocytes
Cell_2397,0,Oligodendrocytes
Cell_2398,0,GABAergic
Cell_2399,0,Oligodendrocytes
Cell_2400,0,Endothelial
Cell_2401,0,Microglia
Cell_2402,0,Microglia
Cell_2403,0,GABAergic
Cell_2404,0,Oligodendrocytes
Cell_2406,0,Oligodendrocytes
Cell_2407,0,Neurons
Cell_2408,0,Oligodendrocytes
Cell_2410,0,Neurons
Cell_2412,0,Microglia
Cell_2415,0,GABAergic
Cell_2418,0,GABAergic
Cell_2419,0,Astrocytes
Cell_2420,0,Neurons
Cell_2421,0,GABAergic
Cell_2425,0,Oligodendrocytes
Cell_2426,0,Astrocytes
Cell_2429,0,Neurons
Cell_2430,0,Neurons
Cell_2431,0,Microglia
Cell_2432,0,Neurons
Cell_2433,0,Astrocytes
Cell_2434,0,GABAergic
Cell_2435,0,Microglia
Cell_2437,0,Astrocytes
Cell_2438,0,GABAergic
Cell_2439,0,Microglia
Cell_2440,0,Endothelial
Cell_2441,0,Endothelial
Cell_2442,0,Neurons
Cell_2443,0,Endothelial
Cell_2446,0,Neurons
Cell_2447,0,Astrocytes
Cell_2449,0,Microglia
Cell_2450,0,GABAergic
Cell_2451,0,Neurons
Cell_2453,0,Astrocytes
Cell_2456,0,Astrocytes
Cell_2457,0,Oligodendrocytes
Cell_2458,0,Microglia
Cell_2459,0,Microglia
Cell_2460,0,Microglia
Cell_2462,0,Microglia
Cell_2463,0,GABAergic
Cell_2464,0,Microglia
Cell_2466,0,Neurons
Cell_2467,0,Endothelial
Cell_2468,0,Endothelial
Cell_2470,0,GABAergic
Cell_2471,0,GABAergic
Cell_2473,0,Endothelial
Cell_2476,0,Oligodendrocytes
Cell_2477,0,Microglia
Cell_2480,0,Microglia
Cell_2481,0,Endothelial
Cell_2482,0,Oligodendrocytes
Cell_2483,0,Endothelial
Cell_2484,0,Astrocytes
Cell_2489,0,GABAergic
Cell_2491,0,Neurons
Cell_2493,0,Microglia
Cell_2496,0,Oligodendrocytes
Cell_2497,0,GABAergic
Cell_2498,0,Neurons
Cell_2499,0,Oligodendrocytes
Cell_2500,0,Microglia
Cell_2503,0,GABAergic
Cell_2504,0,Astrocytes
Cell_2505,0,Microglia
Cell_2507,0,GABAergic
Cell_2510,0,Microglia
Cell_2511,0,GABAergic
Cell_2512,0,Oligodendrocytes
Cell_2514,0,GABAergic
Cell_2515,0,GABAergic
Cell_2516,0,Microglia
Cell_2518,0,Microglia
Cell_2519,0,Neurons
Cell_2520,0,Astrocytes
Cell_2521,0,Endothelial
Cell_2523,0,Oligodendrocytes
Cell_2524,0,Oligodendrocytes
Cell_2525,0,Neurons
Cell_2526,0,Microglia
Cell_2527,0,Microglia
Cell_2528,0,GABAergic
Cell_2530,0,Neurons
Cell_2531,0,Astrocytes
Cell_2532,0,Astrocytes
Cell_2533,0,GABAergic
Cell_2534,0,Endothelial
Cell_2535,0,Microglia
Cell_2536,0,Microglia
Cell_2537,0,GABAergic
Cell_2538,0,GABAergic
Cell_2539,0,Astrocytes
Cell_2541,0,Microglia
Cell_2543,0,Neurons
Cell_2544,0,Microglia
Cell_2545,0,Neurons
Cell_2546,0,Endothelial
Cell_2547,0,Endothelial
Cell_2548,0,Endothelial
Cell_2549,0,GABAergic
Cell_2551,0,Endothelial
Cell_2552,0,Microglia
Cell_2553,0,Microglia
Cell_2554,0,GABAergic
Cell_2556,0,Oligodendrocytes
Cell_2557,0,Oligodendrocytes
Cell_2558,0,GABAergic
Cell_2559,0,Oligodendrocytes
Cell_2560,0,Microglia
Cell_2561,0,Neurons
Cell_2563,0,Neurons
Cell_2564,0,Oligodendrocytes
Cell_2565,0,GABAergic
Cell_2566,0,Microglia
Cell_2567,0,Microglia
Cell_2568,0,Astrocytes
Cell_2569,0,Oligodendrocytes
Cell_2570,0,Oligodendrocytes
Cell_2572,0,Oligodendrocytes
Cell_2573,0,Astrocytes
Cell_2575,0,Microglia
Cell_2576,0,Endothelial
Cell_2577,0,GABAergic
Cell_2579,0,GABAergic
Cell_2580,0,Endothelial
Cell_2581,0,GABAergic
Cell_2582,0,Neurons
Cell_2583,0,Endothelial
Cell_2585,0,Endothelial
Cell_2588,0,Astrocytes
Cell_2589,0,GABAergic
Cell_2590,0,Microglia
Cell_2591,0,Neurons
Cell_2592,0,Endothelial
Cell_2594,0,Astrocytes
Cell_2595,0,Microglia
Cell_2596,0,Neurons
Cell_2597,0,Microglia
Cell_2599,0,GABAergic
Cell_2601,0,Endothelial
Cell_2602,0,Endothelial
Cell_2603,0,Microglia
Cell_2604,0,Neurons
Cell_2605,0,GABAergic
Cell_2606,0,Astrocytes
Cell_2607,0,GABAergic
Cell_2610,0,Endothelial
Cell_2612,0,GABAergic
Cell_2613,0,GABAergic
Cell_2614,0,GABAergic
Cell_2615,0,GABAergic
Cell_2616,0,Microglia
Cell_2617,0,Neurons
Cell_2618,0,Microglia
Cell_2619,0,GABAergic
Cell_2620,0,Microglia
Cell_2621,0,Microglia
Cell_2622,0,GABAergic
Cell_2623,0,Astrocytes
Cell_2624,0,GABAergic
Cell_2625,0,Astrocytes
Cell_2626,0,GABAergic
Cell_2627,0,Endothelial
Cell_2628,0,Microglia
Cell_2629,0,Microglia
Cell_2630,0,Microglia
Cell_2632,0,Microglia
Cell_2633,0,Microglia
Cell_2635,0,GABAergic
Cell_2636,0,Endothelial
Cell_2637,0,Astrocytes
Cell_2638,0,GABAergic
Cell_2639,0,Astrocytes
Cell_2641,0,GABAergic
Cell_2643,0,Endothelial
Cell_2644,0,Microglia
Cell_2645,0,Oligodendrocytes
Cell_2648,0,Endothelial
Cell_2649,0,Neurons
Cell_2651,0,GABAergic
Cell_2652,0,Microglia
Cell_2653,0,Oligodendrocytes
Cell_2654,0,Oligodendrocytes
Cell_2656,0,Astrocytes
Cell_2658,0,Endothelial
Cell_2659,0,Microglia
Cell_2661,0,Oligodendrocytes
Cell_2663,0,GABAergic
Cell_2664,0,GABAergic
Cell_2665,0,Endothelial
Cell_2668,0,Neurons
Cell_2670,0,GABAergic
Cell_2671,0,Neurons
Cell_2672,0,GABAergic
Cell_2675,0,GABAergic
Cell_2676,0,Microglia
Cell_2679,0,Endothelial
Cell_2681,0,Endothelial
Cell_2682,0,Neurons
Cell_2683,0,Microglia
Cell_2685,0,Neurons
Cell_2686,0,Endothelial
Cell_2687,0,GABAergic
Cell_2688,0,Oligodendrocytes
Cell_2689,0,Neurons
Cell_2691,0,GABAergic
Cell_2692,0,Endothelial
Cell_2693,0,Neurons
Cell_2694,0,GABAergic
Cell_2695,0,Neurons
Cell_2696,0,Oligodendrocytes
Cell_2697,0,GABAergic
Cell_2700,0,Microglia
Cell_2701,0,Microglia
Cell_2702,0,Endothelial
Cell_2703,0,GABAergic
Cell_2705,0,Endothelial
Cell_2706,0,Endothelial
Cell_2707,0,Astrocytes
Cell_2708,0,Neurons
Cell_2709,0,Oligodendrocytes
Cell_2710,0,GABAergic
Cell_2711,0,Endothelial
Cell_2714,0,GABAergic
Cell_2715,0,GABAergic
Cell_2716,0,Oligodendrocytes
Cell_2717,0,GABAergic
Cell_2718,0,Neurons
Cell_2720,0,Neurons
Cell_2722,0,GABAergic
Cell_2723,0,Oligodendrocytes
Cell_2724,0,GABAergic
Cell_2725,0,Endothelial
Cell_2726,0,Astrocytes
Cell_2727,0,Astrocytes
Cell_2729,0,GABAergic
Cell_2730,0,Neurons
Cell_2732,0,Astrocytes
Cell_2733,0,Neurons
Cell_2734,0,Oligodendrocytes
Cell_2735,0,GABAergic
Cell_2736,0,GABAergic
Cell_2737,0,Astrocytes
Cell_2738,0,Astrocytes
Cell_2739,0,Microglia
Cell_2740,0,Microglia
Cell_2741,0,Neurons
Cell_2742,0,Oligodendrocytes
Cell_2743,0,Neurons
Cell_2744,0,Endothelial
Cell_2745,0,Astrocytes
Cell_2747,0,GABAergic
Cell_2748,0,Microglia
Cell_2749,0,Oligodendrocytes
Cell_2750,0,Oligodendrocytes
Cell_2751,0,Endothelial
Cell_2753,0,Microglia
Cell_2754,0,Endothelial
Cell_2755,0,Neurons
Cell_2756,0,Microglia
Cell_2757,0,Endothelial
Cell_2758,0,Neurons
Cell_2759,0,Neurons
Cell_2760,0,Neurons
Cell_2761,0,Endothelial
Cell_2763,0,Microglia
Cell_2765,0,GABAergic
Cell_2768,0,Neurons
Cell_2769,0,GABAergic
Cell_2770,0,Astrocytes
Cell_2772,0,Neurons
Cell_2773,0,Oligodendrocytes
Cell_2775,0,Neurons
Cell_2776,0,Neurons
Cell_2777,0,Endothelial
Cell_2778,0,Oligodendrocytes
Cell_2779,0,Astrocytes
Cell_2780,0,Neurons
Cell_2781,0,GABAergic
Cell_2782,0,Neurons
Cell_2783,0,GABAergic
Cell_2784,0,GABAergic
Cell_2785,0,Microglia
Cell_2786,0,GABAergic
Cell_2787,0,Astrocytes
Cell_2788,0,GABAergic
Cell_2790,0,GABAergic
Cell_2791,0,Endothelial
Cell_2792,0,Oligodendrocytes
Cell_2793,0,Endothelial
Cell_2794,0,Endothelial
Cell_2795,0,Astrocytes
Cell_2796,0,Oligodendrocytes
Cell_2797,0,GABAergic
Cell_2798,0,Neurons
Cell_2799,0,Oligodendrocytes
Cell_2800,0,Neurons
Cell_2801,0,Neurons
Cell_2804,0,Endothelial
Cell_2808,0,Microglia
Cell_2809,0,Oligodendrocytes
Cell_2810,0,Endothelial
Cell_2812,0,Neurons
Cell_2813,0,Endothelial
Cell_2814,0,Oligodendrocytes
Cell_2815,0,Astrocytes
Cell_2817,0,GABAergic
Cell_2820,0,GABAergic
Cell_2822,0,Neurons
Cell_2823,0,Endothelial
Cell_2824,0,Endothelial
Cell_2825,0,Microglia
Cell_2827,0,Microglia
Cell_2828,0,Endothelial
Cell_2830,0,Neurons
Cell_2831,0,Microglia
Cell_2832,0,Oligodendrocytes
Cell_2834,0,Neurons
Cell_2835,0,GABAergic
Cell_2837,0,Neurons
Cell_2838,0,Endothelial
Cell_2839,0,GABAergic
Cell_2843,0,Microglia
Cell_2844,0,Endothelial
Cell_2845,0,Oligodendrocytes
Cell_2846,0,Endothelial
Cell_2847,0,Neurons
Cell_2848,0,Oligodendrocytes
Cell_2849,0,Oligodendrocytes
Cell_2850,0,Microglia
Cell_2851,0,Oligodendrocytes
Cell_2852,0,GABAergic
Cell_2854,0,Endothelial
Cell_2855,0,Microglia
Cell_2856,0,GABAergic
Cell_2858,0,Neurons
Cell_2859,0,Oligodendrocytes
Cell_2860,0,Endothelial
Cell_2862,0,Endothelial
Cell_2863,0,GABAergic
Cell_2864,0,Astrocytes
Cell_2868,0,Astrocytes
Cell_2870,0,Astrocytes
Cell_2871,0,Microglia
Cell_2872,0,Neurons
Cell_2875,0,Microglia
Cell_2876,0,Neurons
Cell_2877,0,Neurons
Cell_2878,0,Microglia
Cell_2879,0,Neurons
Cell_2880,0,Microglia
Cell_2882,0,Microglia
Cell_2884,0,Oligodendrocytes
Cell_2885,0,Oligodendrocytes
Cell_2886,0,Neurons
Cell_2888,0,GABAergic
Cell_2889,0,Endothelial
Cell_2890,0,Endothelial
Cell_2892,0,Endothelial
Cell_2894,0,Microglia
Cell_2895,0,Microglia
Cell_2896,0,Astrocytes
Cell_2897,0,Microglia
Cell_2899,0,Neurons
Cell_2902,0,Neurons
Cell_2906,0,GABAergic
Cell_2910,0,Neurons
Cell_2911,0,GABAergic
Cell_2912,0,Oligodendrocytes
Cell_2913,0,GABAergic
Cell_2914,0,Astrocytes
Cell_2915,0,Endothelial
Cell_2916,0,Endothelial
Cell_2917,0,Endothelial
Cell_2918,0,GABAergic
Cell_2919,0,Microglia
Cell_2920,0,Oligodendrocytes
Cell_2921,0,Astrocytes
Cell_2922,0,GABAergic
Cell_2923,0,Neurons
Cell_2924,0,GABAergic
Cell_2926,0,Neurons
Cell_2929,0,Microglia
Cell_2930,0,GABAergic
Cell_2932,0,Neurons
Cell_2934,0,Microglia
Cell_2935,0,Microglia
Cell_2936,0,GABAergic
Cell_2937,0,Microglia
Cell_2938,0,Microglia
Cell_2939,0,Endothelial
Cell_2941,0,Microglia
Cell_2942,0,GABAergic
Cell_2943,0,Neurons
Cell_2945,0,GABAergic
Cell_2947,0,Microglia
Cell_2949,0,Neurons
Cell_2951,0,Endothelial
Cell_2953,0,Oligodendrocytes
Cell_2958,0,GABAergic
Cell_2960,0,Astrocytes
Cell_2961,0,Microglia
Cell_2962,0,Microglia
Cell_2963,0,Microglia
Cell_2964,0,Microglia
Cell_2965,0,GABAergic
Cell_2966,0,Endothelial
Cell_2967,0,Astrocytes
Cell_2968,0,Microglia
Cell_2969,0,Oligodendrocytes
Cell_2970,0,Microglia
Cell_2971,0,Astrocytes
Cell_2972,0,Oligodendrocytes
Cell_2973,0,Astrocytes
Cell_2974,0,GABAergic
Cell_2975,0,Neurons
Cell_2976,0,Astrocytes
Cell_2978,0,Endothelial
Cell_2979,0,Microglia
Cell_2980,0,Endothelial
Cell_2982,0,Astrocytes
Cell_2983,0,Microglia
Cell_2985,0,GABAergic
Cell_2986,0,GABAergic
Cell_2987,0,Astrocytes
Cell_2989,0,Microglia
Cell_2990,0,Astrocytes
Cell_2991,0,Neurons
Cell_2993,0,Oligodendrocytes
Cell_2994,0,Astrocytes
Cell_2996,0,GABAergic
Cell_2997,0,Neurons
Cell_2998,0,Endothelial
Cell_2999,0,Microglia
